grant_name,details_link,application_status,grant_prize,foundation_name,tags,logo,title_text,description
Glass Surfers Dev Tooling Grants,/instagrants/glass-surfers-dev-tooling-grants-program,Accepting Applications,"$1 - $5,000",Ekstasis,"Development, Research, Community, Writing",üèÑüèº‚Äç‚ôÇÔ∏è,Glass Surfers Dev Tooling Grants,"Apply to the Glass Surfer Grants Program if you‚Äôre building cool stuff that is required and useful for other Solana Devs and Projects! The program focusses on projects which make it easy to build on Solana, easier to add functionality, easier to integrate features, education, etc. Apply to the Glass Surfer Grants Program if you‚Äôre building cool stuff that is required and useful for other Solana Devs and Projects! The program focusses on projects which make it easy to build on Solana, easier to add functionality, easier to integrate features, education, etc.   Even though the primary focus of the grants is to fund dev-tools and big contributions to open source projects, we may also support the best of educational content that is aligned with the goals of the Grant program. Anyone with an idea or proof of work is welcome to apply and receive funding decision for a $1 - $5,000 grant.Even though the primary focus of the grants is to fund dev-tools and big contributions to open source projects, we may also support the best of educational content that is aligned with the goals of the Grant program. Anyone with an idea or proof of work is welcome to apply and receive funding decision for a $1 - $5,000 grant. Anyone! Anyone!  We try our best to get you a decision within 72 hours.We try our best to get you a decision within 72 hours. We prefer projects that 1) yield results quickly and 2) are executable by the Proposing team. We prefer projects that 1) yield results quickly and 2) are executable by the Proposing team.  The only condition is that you keep the community updated on a regular basis as your project progresses.The only condition is that you keep the community updated on a regular basis as your project progresses. Unfortunately, our sponsors do not have the ability to provide individualized feedback at this time. Unfortunately, our sponsors do not have the ability to provide individualized feedback at this time.   "
Superteam Pizza Fund,/instagrants/pizza-fund,Accepting Applications,$1 - $200 USDC,Solana Foundation,Community,üçï,Superteam Pizza Fund,"Superteam now supports Solana Foundation Community Grants program and recommends applicants with the ability to galvanize the community with in-person events for community grants. Community dinners, meet-ups, experiences, weekend hackathons, etc., if you‚Äôre doing anything to (a) bring the community closer together, and (b) onboard those on the sidelines into crypto, feel free to apply. Currently, only Superteam members can be hosts but anyone can attend. If this format works, we will drop the host restriction and open it up to anyone in the Superteam ecosystem.Superteam now supports Solana Foundation Community Grants program and recommends applicants with the ability to galvanize the community with in-person events for community grants. Community dinners, meet-ups, experiences, weekend hackathons, etc., if you‚Äôre doing anything to (a) bring the community closer together, and (b) onboard those on the sidelines into crypto, feel free to apply. Currently, only Superteam members can be hosts but anyone can attend. If this format works, we will drop the host restriction and open it up to anyone in the Superteam ecosystem. The meetups are supposed to be a lot fun, but its not all there is to a valuable meet-up. To have a higher chance of success, and to get more from the Pizza Fund down the line, we recommend doing as many of these as possible:The meetups are supposed to be a lot fun, but its not all there is to a valuable meet-up. To have a higher chance of success, and to get more from the Pizza Fund down the line, we recommend doing as many of these as possible:‚õ∫ Limited attendees: Invite a small group of not more than 8-10 people. Focus on a size and venue that enables everyone to talk to everyone else at least once. A generic web3 meetup isn‚Äôt the best fit for this, we‚Äôre only looking to support meetups where attendees are:‚õ∫ Limited attendees: Invite a small group of not more than 8-10 people. Focus on a size and venue that enables everyone to talk to everyone else at least once. A generic web3 meetup isn‚Äôt the best fit for this, we‚Äôre only looking to support meetups where attendees are:DevelopersDevelopersArtistsArtistsCreators (writers, researchers, Youtubers, etc.)Creators (writers, researchers, Youtubers, etc.)Investors (both Angels and VCs)Investors (both Angels and VCs) This program is currently in beta and only open for Superteam Members in India, Germany, Turkey, Vietnam and Mexico.This program is currently in beta and only open for Superteam Members in India, Germany, Turkey, Vietnam and Mexico.  We try our best to get you a decision within 72 hours.We try our best to get you a decision within 72 hours. We prefer to support teams that have some prior experience in organizing events (regardless of how small) and events that are primarily focused on developers, artists, and investors.We prefer to support teams that have some prior experience in organizing events (regardless of how small) and events that are primarily focused on developers, artists, and investors. Unfortunately, our sponsors do not have the bandwidth to provide individualized feedback at this time. Unfortunately, our sponsors do not have the bandwidth to provide individualized feedback at this time.  "
Superteam Artist & Community Founder Grants,/instagrants/community-founders-fund,Opening soon,"$1 - $10,000",Solana Foundation,"Research, Community, Writing, Art, Design",üé≠,Superteam Artist & Community Founder Grants,"Superteam is helping Solana Foundation find, fund, and support visionary brand & community founders. These could be any type of communities ‚Äî driven by art, a cult of personality, access to IRL perks like parties and hostels ‚Äî all united by financial and philosophical alignment.Superteam is helping Solana Foundation find, fund, and support visionary brand & community founders. These could be any type of communities ‚Äî driven by art, a cult of personality, access to IRL perks like parties and hostels ‚Äî all united by financial and philosophical alignment. PFP drops, a jargon-filled roadmaps and lazy Discords are now artefacts of the bull market. The time is right to build life-long squads, of holders who aren‚Äôt buying to sell, bringing your online community together IRL, and creating an ecosystem of profitable businesses around them. PFP drops, a jargon-filled roadmaps and lazy Discords are now artefacts of the bull market. The time is right to build life-long squads, of holders who aren‚Äôt buying to sell, bringing your online community together IRL, and creating an ecosystem of profitable businesses around them.  Examples of this already exist:Examples of this already exist:  If you‚Äôre a creator looking to build a digitally native brand and expand via collaborative efforts of your community ‚Äî this is the right place to start. We‚Äôll get you a grant, share our experience in community building, and help you get started on Solana.If you‚Äôre a creator looking to build a digitally native brand and expand via collaborative efforts of your community ‚Äî this is the right place to start. We‚Äôll get you a grant, share our experience in community building, and help you get started on Solana. Ideally your community (whether new or pre-existing) has as many of the following characteristics as possible:Ideally your community (whether new or pre-existing) has as many of the following characteristics as possible:Unique art, brand or Intellectual Property;Unique art, brand or Intellectual Property;An expressly stated mission; (What big idea do you want to bring into the world?)An expressly stated mission; (What big idea do you want to bring into the world?)A social media presence;A social media presence;A member recruitment and onboarding process;A member recruitment and onboarding process;On-or-off-chain governance;On-or-off-chain governance;A leadership team or founder;A leadership team or founder;NFTs integrated into the community;NFTs integrated into the community;The capacity for collective action by pooling labour or capital;The capacity for collective action by pooling labour or capital;A dashboard to measure progress of the stated mission;A dashboard to measure progress of the stated mission; The more of those qualities that fit your community, the more ‚Äúreal‚Äù it is. It should have real purpose, real metrics, real leadership, and real money. And if it does, it‚Äôll be in need of real tools.The more of those qualities that fit your community, the more ‚Äúreal‚Äù it is. It should have real purpose, real metrics, real leadership, and real money. And if it does, it‚Äôll be in need of real tools. On Art. What art form are you taking this idea to the market with? Are they some kind of NFTs? A simple PFP collection, 1/1 art, music, a limited edition coffee table book or a community token. Possibilities aplenty, do what fits your plan the best.On Art. What art form are you taking this idea to the market with? Are they some kind of NFTs? A simple PFP collection, 1/1 art, music, a limited edition coffee table book or a community token. Possibilities aplenty, do what fits your plan the best. On business. Once you create a tight community and a brand you kick-off the next phase to make the community self sustainable. This involves helping your holders make a contributing to your project by starting a business or otherwise increasing the value of the IP. Kickstart a merch business, build a hotel, fund a podcast, start a crowded-funded movie or start the next Disney. On business. Once you create a tight community and a brand you kick-off the next phase to make the community self sustainable. This involves helping your holders make a contributing to your project by starting a business or otherwise increasing the value of the IP. Kickstart a merch business, build a hotel, fund a podcast, start a crowded-funded movie or start the next Disney.  The community founder will know what they can do best. We will follow your lead on what you think should be built. If you‚Äôre looking for inspiration, here are some things we are actively thinking about:The community founder will know what they can do best. We will follow your lead on what you think should be built. If you‚Äôre looking for inspiration, here are some things we are actively thinking about:  Anyone! Anyone!  We prefer projects that 1) yield results quickly and 2) are executable by the Proposing team. We prefer projects that 1) yield results quickly and 2) are executable by the Proposing team.  Unfortunately, our sponsors do not have the ability to provide individualized feedback at this time. Unfortunately, our sponsors do not have the ability to provide individualized feedback at this time.  "
Solana Foundation India Grants,/instagrants/solana-foundation-india-grants,Accepting Applications,"$1 - $10,000",Solana Foundation,"Development, Research, Community, Writing",üáÆüá≥,Solana Foundation India Grants,"Superteam now supports Solana Foundation Grants and recommends applicants with high community reputation scores. These are grants for projects working on promoting decentralization and censorship resistance on the Solana network. Even though the primary focus of the grants is to fund dApps and technical contribution, the Foundation may also support content and community grants that fit within the stated goals of the Grant program. Anyone with an idea or proof of work is welcome to apply and receive funding decision for a $1 - $10,000 grant. The Foundation hands out these grants typically once a month.Superteam now supports Solana Foundation Grants and recommends applicants with high community reputation scores. These are grants for projects working on promoting decentralization and censorship resistance on the Solana network. Even though the primary focus of the grants is to fund dApps and technical contribution, the Foundation may also support content and community grants that fit within the stated goals of the Grant program. Anyone with an idea or proof of work is welcome to apply and receive funding decision for a $1 - $10,000 grant. The Foundation hands out these grants typically once a month.  You can read more about the Solana Foundation Grants Program here, with some specific RFPs available here as well.You can read more about the Solana Foundation Grants Program here, with some specific RFPs available here as well. NOTE: The core team does not manage the Foundation‚Äôs grant program. We simply make recommendations to the sponsors of the grant program on quality grant applications. You are also free to apply directly on their website for a grant.NOTE: The core team does not manage the Foundation‚Äôs grant program. We simply make recommendations to the sponsors of the grant program on quality grant applications. You are also free to apply directly on their website for a grant. Anyone! Anyone!  We try our best to get you a decision within 72 hours.We try our best to get you a decision within 72 hours. We prefer projects that 1) yield results quickly and 2) are executable by the Proposing team. We prefer projects that 1) yield results quickly and 2) are executable by the Proposing team.  The only condition is that you keep the community updated on a regular basis as your project progresses.The only condition is that you keep the community updated on a regular basis as your project progresses. Unfortunately, our sponsors do not have the ability to provide individualized feedback at this time. Unfortunately, our sponsors do not have the ability to provide individualized feedback at this time.  "
Hxro Network - #ProofOfHxro Instagrants,/instagrants/hxro-network-proofofhxro-instagrants,Accepting Applications,"$1 - $10,000 in HXRO",HXRO Network,Development,‚úñÔ∏è,Hxro Network - #ProofOfHxro Instagrants,"Superteam now supports #ProofOfHxro Grants and recommends applicants with high community reputation scores for grants from Hxro Network. #ProofOfHxro grants are for any developer(s) building to either Hxro Network‚Äôs Parimutuel Protocol or Dexterity Protocol. Hxro is a distributed liquidity layer, and the primary infrastructure platform for building derivatives trading and betting applications on Solana. Developers can integrate their applications using Hxro‚Äôs easy-to-use Python and Typescript SDKs, which allow builders to focus on creating unique user experiences. Anyone with a proof-of-concept application connecting to core Hxro protocols is welcome to apply for the opportunity to be awarded a funding decision valued at up to $10,000 (paid in $esHXRO).Superteam now supports #ProofOfHxro Grants and recommends applicants with high community reputation scores for grants from Hxro Network. #ProofOfHxro grants are for any developer(s) building to either Hxro Network‚Äôs Parimutuel Protocol or Dexterity Protocol. Hxro is a distributed liquidity layer, and the primary infrastructure platform for building derivatives trading and betting applications on Solana. Developers can integrate their applications using Hxro‚Äôs easy-to-use Python and Typescript SDKs, which allow builders to focus on creating unique user experiences. Anyone with a proof-of-concept application connecting to core Hxro protocols is welcome to apply for the opportunity to be awarded a funding decision valued at up to $10,000 (paid in $esHXRO). Dexterity is a flexible, open-source collection of smart contracts that provide the exchange, risk, and settlement functions needed to launch and maintain any type of derivatives contract market.Dexterity is a flexible, open-source collection of smart contracts that provide the exchange, risk, and settlement functions needed to launch and maintain any type of derivatives contract market. Leverage Hxro‚Äôs Dexterity SDKs to create the next generation of derivatives DEXes and trading applicationsLeverage Hxro‚Äôs Dexterity SDKs to create the next generation of derivatives DEXes and trading applications Any team or individual that builds a proof-of-concept application using Hxro Network SDKs for either the Parimutuel Protocol or Dexterity Protocol is eligible to be awarded a #ProofOfHxro Grant.Any team or individual that builds a proof-of-concept application using Hxro Network SDKs for either the Parimutuel Protocol or Dexterity Protocol is eligible to be awarded a #ProofOfHxro Grant. Contributors will work diligently to respond to all grant applicants as quickly as possible. Applicants should expect to hear back within 72 hours of their initial submission, but response time may vary. Further processing time will depend on the review requirements and complexity of the application.Contributors will work diligently to respond to all grant applicants as quickly as possible. Applicants should expect to hear back within 72 hours of their initial submission, but response time may vary. Further processing time will depend on the review requirements and complexity of the application. Grant requests will be evaluated on a case-by-case basis. The awarded grant amount will be contingent on the complexity and/or novelty of the proof-of-concept project and your vision for what it can become in the future.Grant requests will be evaluated on a case-by-case basis. The awarded grant amount will be contingent on the complexity and/or novelty of the proof-of-concept project and your vision for what it can become in the future. Builders accepted to the #ProofOfHxro grant program are required to keep the Hxro community updated on a regular basis as your project progresses.Builders accepted to the #ProofOfHxro grant program are required to keep the Hxro community updated on a regular basis as your project progresses.  "
Wormhole xGrants,/instagrants/wormhole-xgrants,Accepting Applications,"$1 - $10,000",Wormhole,"Development, Writing, Community, Research",üî≠,Wormhole xGrants,"Superteam is supporting the Wormhole xGrants! These are grants for projects and communities broadly working on taking crypto cross-chain. Even though the primary focus of the grants is to fund dApps, integrations and technical contribution, we‚Äôre happy to support dev tooling projects, educational content, developer tutorials as well as community and media work we‚Äôre aligned with. Anyone with an idea and some proof of work is welcome to apply and receive funding decision for a $1 - $10,000 grant within 48 hours. Upon approval by their team, payouts will be made as per Wormhole Foundation‚Äôs monthly grant cycle.Superteam is supporting the Wormhole xGrants! These are grants for projects and communities broadly working on taking crypto cross-chain. Even though the primary focus of the grants is to fund dApps, integrations and technical contribution, we‚Äôre happy to support dev tooling projects, educational content, developer tutorials as well as community and media work we‚Äôre aligned with. Anyone with an idea and some proof of work is welcome to apply and receive funding decision for a $1 - $10,000 grant within 48 hours. Upon approval by their team, payouts will be made as per Wormhole Foundation‚Äôs monthly grant cycle. Reference code for cross-chain deposits can be found here: https://github.com/wormhole-foundation/example-wormhole-nativeswapReference code for cross-chain deposits can be found here: https://github.com/wormhole-foundation/example-wormhole-nativeswap Reference code for an xChain borrow/lend application can be found here: https://github.com/wormhole-foundation/example-wormhole-lendingReference code for an xChain borrow/lend application can be found here: https://github.com/wormhole-foundation/example-wormhole-lending Big use-cases:Big use-cases: Anyone! Anyone!  We try our best to get you a decision within 72 hours.We try our best to get you a decision within 72 hours. We prefer projects that 1) yield results quickly and 2) are executable by the Proposing team. We prefer projects that 1) yield results quickly and 2) are executable by the Proposing team.  The only condition is that you keep the community updated on a regular basis as your project progresses.The only condition is that you keep the community updated on a regular basis as your project progresses. Unfortunately, our sponsors do not have the ability to provide individualized feedback at this time. Unfortunately, our sponsors do not have the ability to provide individualized feedback at this time.   "
Solana Foundation Vietnam Grants,/instagrants/solana-foundation-vietnam-grants,Accepting Applications,"$1 - $10,000",Solana Foundation,"Development, Research, Community, Writing",üáªüá≥,Solana Foundation Vietnam Grants,"Instagrant l√† ch∆∞∆°ng tr√¨nh t√†i tr·ª£ t·ª´ c·ªông ƒë·ªìng Superteam qu·ªëc t·∫ø v·ªõi m·ª•c ti√™u gi√∫p ai ƒëang quan t√¢m t·ªõi h·ªá sinh th√°i Solana c√≥ th·ªÉ b·∫Øt ƒë·∫ßu h·ªçc v√† t√¨m hi·ªÉu v·ªÅ h·ªá sinh th√°i b·∫±ng c√°ch ƒë∆∞a ra nh·ªØng s√°ng ki·∫øn, d·ª± √°n m·ªõi v√† nh·∫≠n ƒë∆∞·ª£c t√†i tr·ª£ t·ªëi ƒëa $10000 t·ª´ Superteam ƒë·ªÉ tri·ªÉn khai s√°ng ki·∫øn, d·ª± √°n ƒë√≥. Th√¥ng qua nh·ªØng d·ª± √°n nh∆∞ v·∫≠y b·∫°n s·∫Ω hi·ªÉu h∆°n v·ªÅ h·ªá sinh th√°i Solana, mang l·∫°i nh·ªØng ƒë√≥ng g√≥p t√≠ch c·ª±c cho h·ªá sinh th√°i v√† d·∫ßn tr·ªü th√†nh m·ªôt ph·∫ßn c·ªßa c·ªông ƒë·ªìng Superteam.Instagrant l√† ch∆∞∆°ng tr√¨nh t√†i tr·ª£ t·ª´ c·ªông ƒë·ªìng Superteam qu·ªëc t·∫ø v·ªõi m·ª•c ti√™u gi√∫p ai ƒëang quan t√¢m t·ªõi h·ªá sinh th√°i Solana c√≥ th·ªÉ b·∫Øt ƒë·∫ßu h·ªçc v√† t√¨m hi·ªÉu v·ªÅ h·ªá sinh th√°i b·∫±ng c√°ch ƒë∆∞a ra nh·ªØng s√°ng ki·∫øn, d·ª± √°n m·ªõi v√† nh·∫≠n ƒë∆∞·ª£c t√†i tr·ª£ t·ªëi ƒëa $10000 t·ª´ Superteam ƒë·ªÉ tri·ªÉn khai s√°ng ki·∫øn, d·ª± √°n ƒë√≥. Th√¥ng qua nh·ªØng d·ª± √°n nh∆∞ v·∫≠y b·∫°n s·∫Ω hi·ªÉu h∆°n v·ªÅ h·ªá sinh th√°i Solana, mang l·∫°i nh·ªØng ƒë√≥ng g√≥p t√≠ch c·ª±c cho h·ªá sinh th√°i v√† d·∫ßn tr·ªü th√†nh m·ªôt ph·∫ßn c·ªßa c·ªông ƒë·ªìng Superteam. T·∫•t c·∫£ m·ªçi ng∆∞·ªùi ai quan t√¢m t·ªõi h·ªá sinh th√°i Solana ƒë·ªÅu c√≥ th·ªÉ tham gia kh√¥ng gi·ªõi h·∫°n ƒë·ªô tu·ªïi. Ch√∫ng t√¥i ch√†o ƒë√≥n t·∫•t c·∫£ d·ª± √°n ƒë·∫øn t·ª´ c√°c b·∫°n h·ªçc sinh, sinh vi√™n, ng∆∞·ªùi ƒëi l√†m, ng∆∞·ªùi l√†m vi·ªác t·ª± do‚Ä¶ v.v. B·∫°n c√≥ th·ªÉ b·∫•t k·ª≥ ai ƒëang ho·∫°t ƒë·ªông trong c√°c lƒ©nh v·ª±c nh∆∞ng kh√¥ng gi·ªõi h·∫°n t·ªõi: l·∫≠p tr√¨nh, ƒë√†o t·∫°o, s√°ng t·∫°o n·ªôi dung, thi·∫øt k·∫ø, nghi√™n c·ª©u, x√¢y d·ª±ng c·ªông ƒë·ªìng..v.v T·∫•t c·∫£ m·ªçi ng∆∞·ªùi ai quan t√¢m t·ªõi h·ªá sinh th√°i Solana ƒë·ªÅu c√≥ th·ªÉ tham gia kh√¥ng gi·ªõi h·∫°n ƒë·ªô tu·ªïi. Ch√∫ng t√¥i ch√†o ƒë√≥n t·∫•t c·∫£ d·ª± √°n ƒë·∫øn t·ª´ c√°c b·∫°n h·ªçc sinh, sinh vi√™n, ng∆∞·ªùi ƒëi l√†m, ng∆∞·ªùi l√†m vi·ªác t·ª± do‚Ä¶ v.v. B·∫°n c√≥ th·ªÉ b·∫•t k·ª≥ ai ƒëang ho·∫°t ƒë·ªông trong c√°c lƒ©nh v·ª±c nh∆∞ng kh√¥ng gi·ªõi h·∫°n t·ªõi: l·∫≠p tr√¨nh, ƒë√†o t·∫°o, s√°ng t·∫°o n·ªôi dung, thi·∫øt k·∫ø, nghi√™n c·ª©u, x√¢y d·ª±ng c·ªông ƒë·ªìng..v.v   Ch√∫ng t√¥i ƒë·∫∑c bi·ªát ch√†o ƒë√≥n c√°c d·ª± √°n v·ªÅ ch·ªß ƒë·ªÅ X√¢y d·ª±ng c·ªông ƒë·ªìng gi√∫p nhi·ªÅu ng∆∞·ªùi bi·∫øt ƒë·∫øn, tham gia, l√†m vi·ªác v√† ph√°t tri·ªÉn tr√™n h·ªá sinh th√°i Solana nhi·ªÅu h∆°n. B·∫°n c√≥ th·ªÉ th√†nh l·∫≠p c√¢u l·∫°c b·ªô chia s·∫ª v·ªÅ Web3 v√† Solana t·∫°i tr∆∞·ªùng ƒë·∫°i h·ªçc hay n∆°i b·∫°n sinh s·ªëng, s√°ng t·∫°o ra c√°c k√™nh n·ªôi dung ƒë·ªÉ chia s·∫ª v·ªÅ c√°c ho·∫°t ƒë·ªông c·ªßa Solana, thi·∫øt k·∫ø c√°c workshop, s·ª± ki·ªán chia s·∫ª ki·∫øn th·ª©c‚Ä¶v.v N·∫øu b·∫°n c·∫ßn t∆∞ v·∫•n th√™m v·ªÅ √Ω t∆∞·ªüng c√≥ th·ªÉ li√™n h·ªá v·ªõi c√°c th√†nh vi√™n c·ªßa Superteam Vietnam qua Discord nh√©.Ch√∫ng t√¥i ƒë·∫∑c bi·ªát ch√†o ƒë√≥n c√°c d·ª± √°n v·ªÅ ch·ªß ƒë·ªÅ X√¢y d·ª±ng c·ªông ƒë·ªìng gi√∫p nhi·ªÅu ng∆∞·ªùi bi·∫øt ƒë·∫øn, tham gia, l√†m vi·ªác v√† ph√°t tri·ªÉn tr√™n h·ªá sinh th√°i Solana nhi·ªÅu h∆°n. B·∫°n c√≥ th·ªÉ th√†nh l·∫≠p c√¢u l·∫°c b·ªô chia s·∫ª v·ªÅ Web3 v√† Solana t·∫°i tr∆∞·ªùng ƒë·∫°i h·ªçc hay n∆°i b·∫°n sinh s·ªëng, s√°ng t·∫°o ra c√°c k√™nh n·ªôi dung ƒë·ªÉ chia s·∫ª v·ªÅ c√°c ho·∫°t ƒë·ªông c·ªßa Solana, thi·∫øt k·∫ø c√°c workshop, s·ª± ki·ªán chia s·∫ª ki·∫øn th·ª©c‚Ä¶v.v N·∫øu b·∫°n c·∫ßn t∆∞ v·∫•n th√™m v·ªÅ √Ω t∆∞·ªüng c√≥ th·ªÉ li√™n h·ªá v·ªõi c√°c th√†nh vi√™n c·ªßa Superteam Vietnam qua Discord nh√©.  L·ªùi khuy√™n quan tr·ªçng: L·ªùi khuy√™n quan tr·ªçng:   B·∫°n s·∫Ω nh·∫≠n ƒë∆∞·ª£c email th√¥ng b√°o ƒë∆°n ƒëƒÉng k√Ω c·ªßa b·∫°n ƒë√£ ƒë∆∞·ª£c ti·∫øp nh·∫≠n. Ch√∫ng t√¥i s·∫Ω ph·∫£n h·ªìi ƒë∆°n ƒëƒÉng k√Ω c·ªßa b·∫°n trong v√≤ng 72 gi·ªù.B·∫°n s·∫Ω nh·∫≠n ƒë∆∞·ª£c email th√¥ng b√°o ƒë∆°n ƒëƒÉng k√Ω c·ªßa b·∫°n ƒë√£ ƒë∆∞·ª£c ti·∫øp nh·∫≠n. Ch√∫ng t√¥i s·∫Ω ph·∫£n h·ªìi ƒë∆°n ƒëƒÉng k√Ω c·ªßa b·∫°n trong v√≤ng 72 gi·ªù. C√≥ 3 ti√™u ch√≠ quan tr·ªçng nh·∫•t ch√∫ng t√¥i s·∫Ω ƒë√°nh gi√° d·ª± √°n c·ªßa b·∫°n. H√£y l∆∞u √Ω ƒë·ªÉ l√†m r√µ trong b·∫£n tr√¨nh b√†y d·ª± √°n c·ªßa b·∫°n nh√©:C√≥ 3 ti√™u ch√≠ quan tr·ªçng nh·∫•t ch√∫ng t√¥i s·∫Ω ƒë√°nh gi√° d·ª± √°n c·ªßa b·∫°n. H√£y l∆∞u √Ω ƒë·ªÉ l√†m r√µ trong b·∫£n tr√¨nh b√†y d·ª± √°n c·ªßa b·∫°n nh√©: B·∫°n c√≥ th·ªÉ tham kh·∫£o c√°c d·ª± √°n ƒë√£ ƒë∆∞·ª£c t√†i tr·ª£ t·∫°i b·ªüi Superteam ·ªü c√°c n∆∞·ªõc kh√°c ·ªü ƒë√¢y. Xin l∆∞u √Ω l√† m·ªói n∆∞·ªõc kh√°c nhau s·∫Ω c√≥ ∆∞u ti√™n v·ªÅ ch·ªß ƒë·ªÅ t√†i tr·ª£ ri√™ng.B·∫°n c√≥ th·ªÉ tham kh·∫£o c√°c d·ª± √°n ƒë√£ ƒë∆∞·ª£c t√†i tr·ª£ t·∫°i b·ªüi Superteam ·ªü c√°c n∆∞·ªõc kh√°c ·ªü ƒë√¢y. Xin l∆∞u √Ω l√† m·ªói n∆∞·ªõc kh√°c nhau s·∫Ω c√≥ ∆∞u ti√™n v·ªÅ ch·ªß ƒë·ªÅ t√†i tr·ª£ ri√™ng. C·∫£ hai. H√£y tr√¨nh b√†y d·ª± √°n b·∫±ng ng√¥n ng·ªØ b·∫°n th·∫•y tho·∫£i m√°i v√† t·ª± tin nh·∫•t.C·∫£ hai. H√£y tr√¨nh b√†y d·ª± √°n b·∫±ng ng√¥n ng·ªØ b·∫°n th·∫•y tho·∫£i m√°i v√† t·ª± tin nh·∫•t. Cho ƒë·∫øn khi ch√∫ng t√¥i th√¥ng b√°o ch∆∞∆°ng tr√¨nh k·∫øt th√∫c. Tuy nhi√™n b·∫°n ƒëƒÉng k√Ω c√†ng s·ªõm s·∫Ω c√†ng c√≥ l·ª£i th·∫ø h∆°n khi c√°c √Ω t∆∞·ªüng d·ª± √°n kh√¥ng b·ªã tr√πng nhau. Cho ƒë·∫øn khi ch√∫ng t√¥i th√¥ng b√°o ch∆∞∆°ng tr√¨nh k·∫øt th√∫c. Tuy nhi√™n b·∫°n ƒëƒÉng k√Ω c√†ng s·ªõm s·∫Ω c√†ng c√≥ l·ª£i th·∫ø h∆°n khi c√°c √Ω t∆∞·ªüng d·ª± √°n kh√¥ng b·ªã tr√πng nhau.  S·ªë ti·ªÅn c√≥ th·ªÉ ƒëƒÉng k√Ω t√†i tr·ª£ l√† $1000 - $10.000. N·∫øu d·ª± √°n c·ªßa b·∫°n l·ªõn v√† c·∫ßn nhi·ªÅu t√†i tr·ª£ h∆°n b·∫°n c√≥ th·ªÉ chia nh·ªè d·ª±a √°n v√† ƒëƒÉng k√Ω t√†i tr·ª£ cho nh·ªØng d·ª± √°n nh·ªè h∆°n.S·ªë ti·ªÅn c√≥ th·ªÉ ƒëƒÉng k√Ω t√†i tr·ª£ l√† $1000 - $10.000. N·∫øu d·ª± √°n c·ªßa b·∫°n l·ªõn v√† c·∫ßn nhi·ªÅu t√†i tr·ª£ h∆°n b·∫°n c√≥ th·ªÉ chia nh·ªè d·ª±a √°n v√† ƒëƒÉng k√Ω t√†i tr·ª£ cho nh·ªØng d·ª± √°n nh·ªè h∆°n. H√£y li√™n l·∫°c v·ªõi c√°c th√†nh vi√™n Superteam Vietnam ƒë·ªÉ ƒë∆∞·ª£c t∆∞ v·∫•n v√† h·ªó tr·ª£ vi·ªác vi·∫øt ƒë·ªÅ xu·∫•t t·ªët h∆°n.H√£y li√™n l·∫°c v·ªõi c√°c th√†nh vi√™n Superteam Vietnam ƒë·ªÉ ƒë∆∞·ª£c t∆∞ v·∫•n v√† h·ªó tr·ª£ vi·ªác vi·∫øt ƒë·ªÅ xu·∫•t t·ªët h∆°n.  "
Solana x NAS Academy Developer Grants,/instagrants/nas-academy,Accepting Applications,"$1 - $5,000",Solana Foundation,"Development, Research",üü°,Solana x NAS Academy Developer Grants,"Solana Foundation and Nas Academy are opening up a special Grant Program for the best students of the Nas Academy Solana Course. These grants will help fund new Solana developers with amounts upto $3000 in USDC to build and ship their Solana project.Solana Foundation and Nas Academy are opening up a special Grant Program for the best students of the Nas Academy Solana Course. These grants will help fund new Solana developers with amounts upto $3000 in USDC to build and ship their Solana project. The primary focus of the grant program is to fund dApps, developer tooling, and technical contribution, but the Foundation may also support content, tutorials and educational content that fit within the stated goals of the Grant program.The primary focus of the grant program is to fund dApps, developer tooling, and technical contribution, but the Foundation may also support content, tutorials and educational content that fit within the stated goals of the Grant program. Anyone with an idea or proof of work is welcome to apply and receive funding decision for a $1 - $3,000 grant. The Foundation hands out these grants typically once a month.Anyone with an idea or proof of work is welcome to apply and receive funding decision for a $1 - $3,000 grant. The Foundation hands out these grants typically once a month.  NOTE: The core team does not manage the Foundation‚Äôs grant program. We simply make recommendations to the sponsors of the grant program on quality grant applications. You are also free to apply directly on their website for a grant.NOTE: The core team does not manage the Foundation‚Äôs grant program. We simply make recommendations to the sponsors of the grant program on quality grant applications. You are also free to apply directly on their website for a grant. Anyone! Anyone!  We try our best to you get you a decision within 72 hours.We try our best to you get you a decision within 72 hours. We prefer projects that 1) yield results quickly and 2) are executable by the Proposing team. We prefer projects that 1) yield results quickly and 2) are executable by the Proposing team.  The only condition is that you keep the community updated on a regular basis as your project progresses.The only condition is that you keep the community updated on a regular basis as your project progresses. Unfortunately, our sponsors do not have the ability to provide individualized feedback at this time. Unfortunately, our sponsors do not have the ability to provide individualized feedback at this time.  "
Seahorse Language Grants,/instagrants/seahorse-language-grants,Accepting Applications,"$1 - $2,000",Solana Foundation,"Development, Research, Community, Writing",üêé,Seahorse Language Grants,"Superteam now supports Seahorse Language Grants and recommends applicants with high community reputation scores to the Solana Foundation. These are grants for individuals and teams contributing to core development & educational content, and sample programs for and related to the Seahorse language. The Foundation may also support grants beyond these three stated goals of the Grant program. Anyone with an idea or proof of work is welcome to apply and receive funding decision for a $1 - $2,000 grant. The Foundation hands out these grants typically once in two weeks.Superteam now supports Seahorse Language Grants and recommends applicants with high community reputation scores to the Solana Foundation. These are grants for individuals and teams contributing to core development & educational content, and sample programs for and related to the Seahorse language. The Foundation may also support grants beyond these three stated goals of the Grant program. Anyone with an idea or proof of work is welcome to apply and receive funding decision for a $1 - $2,000 grant. The Foundation hands out these grants typically once in two weeks. NOTE: The core team does not manage the Foundation‚Äôs grant program. We simply make recommendations to the sponsors of the grant program on quality grant applications. You are also free to apply directly on their website for a grant.NOTE: The core team does not manage the Foundation‚Äôs grant program. We simply make recommendations to the sponsors of the grant program on quality grant applications. You are also free to apply directly on their website for a grant. Anyone! Anyone!  We try our best to get you a decision within 72 hours.We try our best to get you a decision within 72 hours. We prefer projects that 1) yield results quickly and 2) are executable by the Proposing team. We prefer projects that 1) yield results quickly and 2) are executable by the Proposing team.  The only condition is that you keep the community updated on a regular basis as your project progresses.The only condition is that you keep the community updated on a regular basis as your project progresses. Unfortunately, our sponsors do not have the ability to provide individualized feedback at this time. Unfortunately, our sponsors do not have the ability to provide individualized feedback at this time. "
Crypto Writers Grant,/instagrants/crypto-writers-grant,Accepting Applications,"$1 - $1,500",Solana Foundation,"Development, Research, Community, Writing",‚úçüèª,Crypto Writers Grant,"Superteam now supports the Crypto Writers Grants Program and recommends applicants with high community reputation scores to the Solana Foundation for grants. Superteam now supports the Crypto Writers Grants Program and recommends applicants with high community reputation scores to the Solana Foundation for grants.  This is a grant program specifically meant for writers across levels of expertise, to write long-form pieces about the interesting things happening in crypto. Bonus points if you write about Solana, Wormhole, Pyth, and xNFTs. This is a grant program specifically meant for writers across levels of expertise, to write long-form pieces about the interesting things happening in crypto. Bonus points if you write about Solana, Wormhole, Pyth, and xNFTs.  Anyone with a writing proposal and proof of high-quality writing ability is welcome to apply and receive funding decision for a $1 - $1,500 grant. The Foundation hands out these grants typically once a month.Anyone with a writing proposal and proof of high-quality writing ability is welcome to apply and receive funding decision for a $1 - $1,500 grant. The Foundation hands out these grants typically once a month. Anyone! Anyone!  We try our best to get you a decision within 72 hours.We try our best to get you a decision within 72 hours. We prefer projects that 1) yield results quickly and 2) are executable by the Proposing team. We prefer projects that 1) yield results quickly and 2) are executable by the Proposing team.  The only condition is that you keep the community updated on a regular basis as your project progresses.The only condition is that you keep the community updated on a regular basis as your project progresses. Unfortunately, our sponsors do not have the ability to provide individualized feedback at this time. Unfortunately, our sponsors do not have the ability to provide individualized feedback at this time.  "
Build the Creator Economy,/instagrants/gari-dao-grants,Closed,"$1 - $10,000",Chingari,"Development, Writing, Research, Community",‚ö°,Build the Creator Economy,"Chingari is the largest on-chain social graph in Web3. Through the GARI DAO, they aim to help creators everywhere better connect, engage and monetize their audiences. Chingari is the largest on-chain social graph in Web3. Through the GARI DAO, they aim to help creators everywhere better connect, engage and monetize their audiences.   Chingari & Gari Network is proud to be continuing the GARI Instagrants program through the GDD Grants program that would be a developer focused grant program to motivate young builders and contribute to the GARI Ecosystem.
Chingari & Gari Network is proud to be continuing the GARI Instagrants program through the GDD Grants program that would be a developer focused grant program to motivate young builders and contribute to the GARI Ecosystem.
 In order to make Solana, the choice for builders, Gari Network is continuing the 100k pool of funds to fund anyone to build on tooling to empower the creator economy on Solana. Here are a few examples that will help you buildIn order to make Solana, the choice for builders, Gari Network is continuing the 100k pool of funds to fund anyone to build on tooling to empower the creator economy on Solana. Here are a few examples that will help you build Ultimately, we hope this program accelerates the adoption of Solana as the chain of choice for creators. We are particularly hopeful that a number of public goods will be created through this partnership that can be leveraged by GARI DAO and everyone else building towards a vibrant creator economy on Solana.Ultimately, we hope this program accelerates the adoption of Solana as the chain of choice for creators. We are particularly hopeful that a number of public goods will be created through this partnership that can be leveraged by GARI DAO and everyone else building towards a vibrant creator economy on Solana.  Socials: Socials:   Our sponsors are busy working on their projects and may not have the time to give you detailed feedback on every application. Please keep that in mind before you apply. For possible clarifications & alpha, reach out to the GDD Home-page to get onboarded to the Developer sub-DAO!Our sponsors are busy working on their projects and may not have the time to give you detailed feedback on every application. Please keep that in mind before you apply. For possible clarifications & alpha, reach out to the GDD Home-page to get onboarded to the Developer sub-DAO!   Anyone! Anyone!  Decisions are made by a select group of Members from the SuperteamDAO. Decisions are made by a select group of Members from the SuperteamDAO.  We prefer projects that 1) yield results quickly and 2) are executable by the Proposing team. We prefer projects that 1) yield results quickly and 2) are executable by the Proposing team.  The only condition is that you keep the community updated on a regular basis as your project progresses.The only condition is that you keep the community updated on a regular basis as your project progresses. Unfortunately, our sponsors do not have the ability to provide individualized feedback at this time. Unfortunately, our sponsors do not have the ability to provide individualized feedback at this time.  "
LamportDAO Grants Program,/instagrants/lamportdao-grants-program,Closed,"$1 - $5,000",Solana Foundation,"Development, Research",üí°,LamportDAO Grants Program,"Superteam now supports LamportDAO Grants and recommends members with great ideas and proof of work to the Solana Foundation for funding.Superteam now supports LamportDAO Grants and recommends members with great ideas and proof of work to the Solana Foundation for funding. The primary focus of the grants is to fund dApps, creation & contribution to open source public goods, and creation of technical content which helps other developers learn. Any LamportDAO member-dev, with an idea or proof of work is welcome to apply and receive funding decision for a $1 - $5,000 grant. The Foundation hands out these grants typically once a month.The primary focus of the grants is to fund dApps, creation & contribution to open source public goods, and creation of technical content which helps other developers learn. Any LamportDAO member-dev, with an idea or proof of work is welcome to apply and receive funding decision for a $1 - $5,000 grant. The Foundation hands out these grants typically once a month.  You can read more about the Solana Foundation Grants Program here, with some specific RFPs available here as well.You can read more about the Solana Foundation Grants Program here, with some specific RFPs available here as well. NOTE: The core team does not manage the Foundation‚Äôs grant program. We simply make recommendations to the sponsors of the grant program on quality grant applications. You are also free to apply directly on their website for a grant.NOTE: The core team does not manage the Foundation‚Äôs grant program. We simply make recommendations to the sponsors of the grant program on quality grant applications. You are also free to apply directly on their website for a grant. Anyone who is a member of the LamportDAO is encouraged to apply!Anyone who is a member of the LamportDAO is encouraged to apply! We try our best to get you a decision within 72 hours.We try our best to get you a decision within 72 hours. We prefer projects that 1) yield results quickly, 2) useful for the ecosystem at large, and 3) are executable by the applicant team. We prefer projects that 1) yield results quickly, 2) useful for the ecosystem at large, and 3) are executable by the applicant team.  The only condition is that you keep the community updated on a regular basis as your project progresses.The only condition is that you keep the community updated on a regular basis as your project progresses. Unfortunately, our sponsors do not have the ability to provide individualized feedback at this time. Unfortunately, our sponsors do not have the ability to provide individualized feedback at this time.  "
Solana Hackathon Sponsorships,/instagrants/solana-hackathon-sponsorships,Closed,$1 - $2000 USDC,Solana Foundation,"Community, Development",üèïÔ∏è,Solana Hackathon Sponsorships,"Superteam now supports Solana Foundation Community Grants and recommends applicants with good proof of work in organizing hackathons for cash and/or kind sponsorships. These are grants for teams conducting university and community hackathons in India. Anyone with an idea or proof of work is welcome to apply and receive a funding decision for a $100 - $10,000 grant. The Foundation hands out these grants typically once a month.Superteam now supports Solana Foundation Community Grants and recommends applicants with good proof of work in organizing hackathons for cash and/or kind sponsorships. These are grants for teams conducting university and community hackathons in India. Anyone with an idea or proof of work is welcome to apply and receive a funding decision for a $100 - $10,000 grant. The Foundation hands out these grants typically once a month. This program is currently in beta and only open for Universities and Communities in India.This program is currently in beta and only open for Universities and Communities in India. We try our best to get you a decision within 72 hours.We try our best to get you a decision within 72 hours. We prefer to support teams that have some prior experience in organizing events (regardless of how small) and events that are primarily focused on developers.We prefer to support teams that have some prior experience in organizing events (regardless of how small) and events that are primarily focused on developers. Unfortunately, our sponsors do not have the bandwidth to provide individualized feedback at this time. Unfortunately, our sponsors do not have the bandwidth to provide individualized feedback at this time. "
Streamflow Developer Grants,/instagrants/streamflow-developer-grants,Closed,"$1 - $10,000",Streamflow,Development,‚õµ,Streamflow Developer Grants,"Streamflow is a token distribution platform that enables individuals and organizations distribute tokens simply and safely. Their initial suite of products includes a protocol for streaming payments and solutions for token vesting and progressive payroll. There are also features which enable one-to-many payments, automatic withdrawals to the recipient wallet, as well as multi-sig vaults in the near future. Streamflow is a token distribution platform that enables individuals and organizations distribute tokens simply and safely. Their initial suite of products includes a protocol for streaming payments and solutions for token vesting and progressive payroll. There are also features which enable one-to-many payments, automatic withdrawals to the recipient wallet, as well as multi-sig vaults in the near future.   Streamflow‚Äôs aim is to make these services widely adopted by being the payment ""rails"" and enabling seamless integration of our services within other applications. Starting with Solana ecosystem, then expanding cross-chain and onboarding traditional (web2) projects.Streamflow‚Äôs aim is to make these services widely adopted by being the payment ""rails"" and enabling seamless integration of our services within other applications. Starting with Solana ecosystem, then expanding cross-chain and onboarding traditional (web2) projects.  To support developers as they integrate and build with the Streamflow SDK, Streamflow is sponsoring a grant program. This grant program is geared towards encouraging collaborations, development of new innovative solutions leveraging streaming payments as well as Streamflow integrations into existing apps.To support developers as they integrate and build with the Streamflow SDK, Streamflow is sponsoring a grant program. This grant program is geared towards encouraging collaborations, development of new innovative solutions leveraging streaming payments as well as Streamflow integrations into existing apps.  All grants shall be paid out in two equal tranches, once upon approval of grant and once upon completion of the project.All grants shall be paid out in two equal tranches, once upon approval of grant and once upon completion of the project.  If you‚Äôre excited about the possibilities of streaming payments but don‚Äôt know where to start, here are a few ideas that would be good fits for receiving a grant:If you‚Äôre excited about the possibilities of streaming payments but don‚Äôt know where to start, here are a few ideas that would be good fits for receiving a grant:   If you have an idea for a project that‚Äôs not listed here, feel free to make a proposal and apply for a grant, we love to see new and creative use-cases for Streamflow! üôÇIf you have an idea for a project that‚Äôs not listed here, feel free to make a proposal and apply for a grant, we love to see new and creative use-cases for Streamflow! üôÇ    "
Pyth Network Grants,/instagrants/pyth-network-grants,Closed,"$1 - $5,000",Pyth Network,"Development, Writing, Community, Research",üîÆ,Pyth Network Grants,"Superteam is supporting Pyth Network Grants, starting with a Developer and Community Grant Program. The Grant Program is meant for projects and communities broadly working on taking crypto cross-chain. This grant projects has a dual focus, (1) funding developers building dApps, integrations, dev tooling, tutorials for other devs, and for technical contributions, and (2) funding community builders and organizers who can create content, host events, workshops, etc., do whatever it takes to bring Pyth to their local communities. Anyone with an idea and some proof of work is welcome to apply and receive funding decision for a $1 - $5,000 grant within 48 hours. Upon approval by their team, payouts will be made as per Pyth Network‚Äôs monthly grants cycle.Superteam is supporting Pyth Network Grants, starting with a Developer and Community Grant Program. The Grant Program is meant for projects and communities broadly working on taking crypto cross-chain. This grant projects has a dual focus, (1) funding developers building dApps, integrations, dev tooling, tutorials for other devs, and for technical contributions, and (2) funding community builders and organizers who can create content, host events, workshops, etc., do whatever it takes to bring Pyth to their local communities. Anyone with an idea and some proof of work is welcome to apply and receive funding decision for a $1 - $5,000 grant within 48 hours. Upon approval by their team, payouts will be made as per Pyth Network‚Äôs monthly grants cycle.   Anyone! Anyone!  We try our best to get you a decision within 72 hours.We try our best to get you a decision within 72 hours. We prefer projects that 1) yield meaningful results, 2) without too much delay, and 3) are executable by the team/individual proposing. We prefer projects that 1) yield meaningful results, 2) without too much delay, and 3) are executable by the team/individual proposing.  The only condition is that you keep the community updated on a regular basis as your project progresses.The only condition is that you keep the community updated on a regular basis as your project progresses. Unfortunately, our sponsors do not have the ability to provide individualized feedback at this time. Unfortunately, our sponsors do not have the ability to provide individualized feedback at this time.   Make sure you read and agree to the Terms of Engagement here.Make sure you read and agree to the Terms of Engagement here."
Grow the Solana Ecosystem,/instagrants/solrazr-grants,Closed,"$1 - $10,000",Solrazr,"Design, Development, Writing",‚ö°,Grow the Solana Ecosystem,"As a part of our mission to bring the next billion users into crypto using Solana, SuperteamDAO is starting an Instagrants program. The program is sponsored by Solrazr, the first decentralised developer ecosystem for Solana. Anyone with an idea is welcome to pitch the DAO an idea and receive from $1 - $10,000 of funding within 48 hours.  As a part of our mission to bring the next billion users into crypto using Solana, SuperteamDAO is starting an Instagrants program. The program is sponsored by Solrazr, the first decentralised developer ecosystem for Solana. Anyone with an idea is welcome to pitch the DAO an idea and receive from $1 - $10,000 of funding within 48 hours.    We are focusing our grant making on two areas of focus: We are focusing our grant making on two areas of focus:   Our sponsors are busy working on their projects and may not have the time to give you detailed feedback on every application. Please keep that in mind before you apply.Our sponsors are busy working on their projects and may not have the time to give you detailed feedback on every application. Please keep that in mind before you apply.   Anyone! Anyone!  We try our best to get you a decision within 72 hours.We try our best to get you a decision within 72 hours. Decisions are made by a select group of Members from the SuperteamDAO. Decisions are made by a select group of Members from the SuperteamDAO.  We prefer projects that 1) yield results quickly and 2) are executable by the Proposing team. We prefer projects that 1) yield results quickly and 2) are executable by the Proposing team.  The only condition is that you keep the community updated on a regular basis as your project progresses.The only condition is that you keep the community updated on a regular basis as your project progresses. Unfortunately, our sponsors do not have the ability to provide individualized feedback at this time. Unfortunately, our sponsors do not have the ability to provide individualized feedback at this time.  "
